"Date","Open","High","Low","Close","Adj.Close","Volume","TypicalPrice"
"2016-01-04",102.610001,105.370003,102,105.349998,99.499107,67649400,102.289703333333
"2016-01-05",105.75,105.849998,102.410004,102.709999,97.00573,55791000,101.755244
"2016-01-06",100.559998,102.370003,99.870003,100.699997,95.107361,68457400,99.115789
"2016-01-07",98.68,100.129997,96.43,96.449997,91.093399,81094400,95.8844653333333
"2016-01-08",98.550003,99.110001,96.760002,96.959999,91.575073,70798000,95.8150253333333
"2016-01-11",98.970001,99.059998,97.339996,98.529999,93.057869,49739400,96.4859543333333
"2016-01-12",100.550003,100.690002,98.839996,99.959999,94.408447,49154200,97.9794816666667
"2016-01-13",100.32,101.190002,97.300003,97.389999,91.981194,62439600,96.823733
"2016-01-14",97.959999,100.480003,95.739998,99.519997,93.992889,63170100,96.73763
"2016-01-15",96.199997,97.709999,95.360001,97.129997,91.735634,79010000,94.9352113333333
"2016-01-19",98.410004,98.650002,95.5,96.660004,91.291718,53087700,95.14724
"2016-01-20",95.099998,98.190002,93.419998,96.790001,91.41452,72334400,94.3415066666667
"2016-01-21",97.059998,97.879997,94.940002,96.300003,90.951736,52161500,94.5905783333333
"2016-01-22",98.629997,101.459999,98.370003,101.419998,95.787369,65800500,98.5391236666667
"2016-01-25",101.519997,101.529999,99.209999,99.440002,93.917336,51794500,98.2191113333333
"2016-01-26",99.93,100.879997,98.07,99.989998,94.43679,75077000,97.7955956666667
"2016-01-27",96.040001,96.629997,93.339996,93.419998,88.231659,133369700,92.733884
"2016-01-28",93.790001,94.519997,92.389999,94.089996,88.864449,55678800,91.924815
"2016-01-29",94.790001,97.339996,94.349998,97.339996,91.93396,64416500,94.541318
"2016-02-01",96.470001,96.709999,95.400002,96.43,91.074501,40943500,94.394834
"2016-02-02",95.419998,96.040001,94.279999,94.480003,89.232796,37357200,93.1842653333333
"2016-02-03",95,96.839996,94.080002,96.349998,90.998932,45964300,93.9729766666667
"2016-02-04",95.860001,97.330002,95.190002,96.599998,91.73011,46471700,94.750038
"2016-02-05",96.519997,96.919998,93.690002,94.019997,89.28019,46418100,93.29673
"2016-02-08",93.129997,95.699997,93.040001,95.010002,90.220276,54021400,92.986758
"2016-02-09",94.290001,95.940002,93.93,94.989998,90.201294,44331200,93.3570986666667
"2016-02-10",95.919998,96.349998,94.099998,94.269997,89.517586,42343600,93.3225273333333
"2016-02-11",93.790001,94.720001,92.589996,93.699997,88.976318,50074700,92.0954383333333
"2016-02-12",94.190002,94.5,93.010002,93.989998,89.251686,40351400,92.253896
"2016-02-16",95.019997,96.849998,94.610001,96.639999,91.768089,49057900,94.4093626666667
"2016-02-17",96.669998,98.209999,96.150002,98.120003,93.173508,44863200,95.844503
"2016-02-18",98.839996,98.889999,96.089996,96.260002,91.407272,39021000,95.4624223333333
"2016-02-19",96,96.760002,95.800003,96.040001,91.198341,35374200,94.5861153333333
"2016-02-22",96.309998,96.900002,95.919998,96.879997,91.995995,34280800,94.938665
"2016-02-23",96.400002,96.5,94.550003,94.690002,89.91642,31942600,93.6554743333333
"2016-02-24",93.980003,96.379997,93.32,96.099998,91.255333,36255700,93.6517766666667
"2016-02-25",96.050003,96.760002,95.25,96.760002,91.882057,27582700,94.6306863333333
"2016-02-26",97.199997,98.019997,96.580002,96.910004,92.02449,28991100,95.5414963333333
"2016-02-29",96.860001,98.230003,96.650002,96.690002,91.815598,35216300,95.565201
"2016-03-01",97.650002,100.769997,97.419998,100.529999,95.461998,50407100,97.8839976666667
"2016-03-02",100.510002,100.889999,99.639999,100.75,95.670914,33169600,98.7336373333333
"2016-03-03",100.580002,101.709999,100.449997,101.5,96.383095,36955700,99.5143636666667
"2016-03-04",102.370003,103.75,101.370003,103.010002,97.816986,46055100,100.978996333333
"2016-03-07",102.389999,102.830002,100.959999,101.870003,96.734444,35828900,100.174815
"2016-03-08",100.779999,101.760002,100.400002,101.029999,95.936798,31561900,99.3656006666667
"2016-03-09",101.309998,101.580002,100.269997,101.120003,96.022263,27201700,99.290754
"2016-03-10",101.410004,102.239998,100.150002,101.169998,96.069733,33513600,99.4865776666667
"2016-03-11",102.239998,102.279999,101.5,102.260002,97.104797,27408200,100.294932
"2016-03-14",101.910004,102.910004,101.779999,102.519997,97.351677,25076100,100.68056
"2016-03-15",103.959999,105.18,103.849998,104.580002,99.307831,40067700,102.779276333333
"2016-03-16",104.610001,106.309998,104.589996,105.970001,100.627762,38303500,103.842585333333
"2016-03-17",105.519997,106.470001,104.959999,105.800003,100.466324,34420700,103.965441333333
"2016-03-18",106.339996,106.5,105.190002,105.919998,100.580276,44205200,104.090092666667
"2016-03-21",105.93,107.650002,105.139999,105.910004,100.570778,35502700,104.453593
"2016-03-22",105.25,107.290001,105.209999,106.720001,101.339943,32444400,104.613314333333
"2016-03-23",106.480003,107.07,105.900002,106.129997,100.779694,25703500,104.583232
"2016-03-24",105.470001,106.25,104.889999,105.669998,100.342873,26133000,103.827624
"2016-03-28",106,106.190002,105.059998,105.190002,99.887093,19411400,103.712364333333
"2016-03-29",104.889999,107.790001,104.879997,107.68,102.251556,31190100,104.973851333333
"2016-03-30",108.650002,110.419998,108.599998,109.559998,104.036758,45601100,107.685584666667
"2016-03-31",109.720001,109.900002,108.879997,108.989998,103.495514,25888400,107.425171
"2016-04-01",108.779999,110,108.199997,109.989998,104.445091,25874000,107.548362666667
"2016-04-04",110.419998,112.190002,110.269997,111.120003,105.518127,37356200,109.326042
"2016-04-05",109.510002,110.730003,109.419998,109.809998,104.274162,26578700,108.141387666667
"2016-04-06",110.230003,110.980003,109.199997,110.959999,105.366203,26404100,108.515401
"2016-04-07",109.949997,110.419998,108.120003,108.540001,103.068192,31801900,107.202731
"2016-04-08",108.910004,109.769997,108.169998,108.660004,103.182144,23581700,107.040713
"2016-04-11",108.970001,110.610001,108.830002,109.019997,103.523987,29407500,107.654663333333
"2016-04-12",109.339996,110.5,108.660004,110.440002,104.872406,27232300,108.010803333333
"2016-04-13",110.800003,112.339996,110.800003,112.040001,106.391754,33257300,109.843917666667
"2016-04-14",111.620003,112.389999,111.330002,112.099998,106.448715,25473900,110.056238666667
"2016-04-15",112.110001,112.300003,109.730003,109.849998,104.312149,46939000,108.780718333333
"2016-04-18",108.889999,108.949997,106.940002,107.480003,102.061638,60834000,105.983879
"2016-04-19",107.879997,108,106.230003,106.910004,101.52037,32384900,105.250124333333
"2016-04-20",106.639999,108.089996,106.059998,107.129997,101.729279,30611000,105.293091
"2016-04-21",106.93,106.93,105.519997,105.970001,100.627762,31552500,104.359253
"2016-04-22",105.010002,106.480003,104.620003,105.68,100.352371,33683100,103.817459
"2016-04-25",105,105.650002,104.510002,105.080002,99.782631,28031600,103.314211666667
"2016-04-26",103.910004,105.300003,103.910004,104.349998,99.089409,56016200,102.766472
"2016-04-27",96,98.709999,95.68,97.82,92.888634,114602100,95.7595443333333
"2016-04-28",97.610001,97.879997,94.25,94.830002,90.049362,82242700,94.0597863333333
"2016-04-29",93.989998,94.720001,92.510002,93.739998,89.014297,68531500,92.0814333333333
"2016-05-02",93.970001,94.080002,92.400002,93.639999,88.919334,48160100,91.7997793333333
"2016-05-03",94.199997,95.739998,93.68,95.18,90.381714,56831300,93.2672373333333
"2016-05-04",95.199997,95.900002,93.82,94.190002,89.441612,41025500,93.0538713333333
"2016-05-05",94,94.07,92.68,93.239998,89.078583,35890500,91.942861
"2016-05-06",93.370003,93.449997,91.849998,92.720001,88.581795,43458200,91.29393
"2016-05-09",93,93.769997,92.589996,92.790001,88.648651,32936400,91.669548
"2016-05-10",93.330002,93.57,92.110001,93.419998,89.250542,33686800,91.6435143333333
"2016-05-11",93.480003,93.57,92.459999,92.510002,88.381157,28719100,91.4703853333333
"2016-05-12",92.720001,92.779999,89.470001,90.339996,86.308014,76314700,89.519338
"2016-05-13",90,91.669998,90,90.519997,86.479965,44392800,89.383321
"2016-05-16",92.389999,94.389999,91.650002,93.879997,89.690018,61259800,91.9100063333333
"2016-05-17",94.550003,94.699997,93.010002,93.489998,89.317413,46916900,92.3424706666667
"2016-05-18",94.160004,95.209999,93.889999,94.559998,90.339684,42062400,93.1465606666667
"2016-05-19",94.639999,94.639999,93.57,94.199997,89.995728,30442100,92.7352423333333
"2016-05-20",94.639999,95.43,94.519997,95.220001,90.970207,32026000,93.640068
"2016-05-23",95.870003,97.190002,95.669998,96.43,92.126205,38018600,94.9954016666667
"2016-05-24",97.220001,98.089996,96.839996,97.900002,93.530609,35140200,96.1535336666667
"2016-05-25",98.669998,99.739998,98.110001,99.620003,95.173828,38168800,97.674609
"2016-05-26",99.68,100.730003,98.639999,100.410004,95.928566,56331200,98.432856
"2016-05-27",99.440002,100.470001,99.25,100.349998,95.871239,36229500,98.5304133333333
"2016-05-31",99.599998,100.400002,98.82,99.860001,95.403122,42307200,98.207708
"2016-06-01",99.019997,99.540001,98.330002,98.459999,94.065598,29173300,97.311867
"2016-06-02",97.599998,97.839996,96.629997,97.720001,93.358643,40191600,95.9428786666667
"2016-06-03",97.790001,98.269997,97.449997,97.919998,93.549706,28062900,96.4232333333333
"2016-06-06",97.989998,101.889999,97.550003,98.629997,94.228004,23292500,97.8893353333333
"2016-06-07",99.25,99.870003,98.959999,99.029999,94.610161,22409500,97.8133876666667
"2016-06-08",99.019997,99.559998,98.68,98.940002,94.524185,20848100,97.588061
"2016-06-09",98.5,99.989998,98.459999,99.650002,95.202492,26601400,97.884163
"2016-06-10",98.529999,99.349998,98.480003,98.830002,94.419098,31712900,97.4163663333333
"2016-06-13",98.690002,99.120003,97.099998,97.339996,92.995583,38020500,96.4051946666667
"2016-06-14",97.32,98.480003,96.75,97.459999,93.110229,31931900,96.1134106666667
"2016-06-15",97.82,98.410004,97.029999,97.139999,92.80452,29445200,96.0815076666667
"2016-06-16",96.449997,97.75,96.07,97.550003,93.196228,31326800,95.672076
"2016-06-17",96.620003,96.650002,95.300003,95.330002,91.075302,61008200,94.341769
"2016-06-20",96,96.57,95.029999,95.099998,90.85556,34411900,94.151853
"2016-06-21",94.940002,96.349998,94.68,95.910004,91.629425,35546400,94.2198076666667
"2016-06-22",96.25,96.889999,95.349998,95.550003,91.285477,29219100,94.5084913333333
"2016-06-23",95.940002,96.290001,95.25,96.099998,91.810951,32240200,94.4503173333333
"2016-06-24",92.910004,94.660004,92.650002,93.400002,89.231445,75311400,92.1804836666667
"2016-06-27",93,93.050003,91.5,92.040001,87.932129,45489600,90.8273773333333
"2016-06-28",92.900002,93.660004,92.139999,93.589996,89.412949,40444900,91.7376506666667
"2016-06-29",93.970001,94.550003,93.629997,94.400002,90.186806,36531000,92.7889353333333
"2016-06-30",94.440002,95.769997,94.300003,95.599998,91.333252,35836400,93.801084
"2016-07-01",95.489998,96.470001,95.330002,95.889999,91.610306,26026500,94.470103
"2016-07-05",95.389999,95.400002,94.459999,94.989998,90.750465,27705200,93.536822
"2016-07-06",94.599998,95.660004,94.370003,95.529999,91.26638,30949100,93.7654623333333
"2016-07-07",95.699997,96.5,95.620003,95.940002,91.658073,25139600,94.592692
"2016-07-08",96.489998,96.889999,96.050003,96.68,92.365028,28912100,95.1016766666667
"2016-07-11",96.75,97.650002,96.730003,96.980003,92.651665,23794900,95.6772233333333
"2016-07-12",97.169998,97.699997,97.120003,97.419998,93.072037,24167500,95.9640123333333
"2016-07-13",97.410004,97.669998,96.839996,96.870003,92.546562,25892200,95.6855186666667
"2016-07-14",97.389999,98.989998,97.32,98.790001,94.380875,38919000,96.8969576666667
"2016-07-15",98.919998,99.300003,98.5,98.779999,94.371315,30137000,97.3904393333333
"2016-07-18",98.699997,100.129997,98.599998,99.830002,95.374451,36493900,98.0348153333333
"2016-07-19",99.559998,100,99.339996,99.870003,95.412666,23779900,98.2508873333333
"2016-07-20",100,100.459999,99.739998,99.959999,95.498657,26276000,98.566218
"2016-07-21",99.830002,101,99.129997,99.43,94.99231,32702000,98.3741023333333
"2016-07-22",99.260002,99.300003,98.309998,98.660004,94.256683,28313700,97.2888946666667
"2016-07-25",98.25,98.839996,96.919998,97.339996,92.995583,40382900,96.251859
"2016-07-26",96.82,97.970001,96.419998,96.669998,92.355492,56239800,95.5818303333333
"2016-07-27",104.269997,104.349998,102.75,102.949997,98.355217,92344800,101.818405
"2016-07-28",102.830002,104.449997,102.82,104.339996,99.683159,39869800,102.317718666667
"2016-07-29",104.190002,104.550003,103.68,104.209999,99.558975,27733700,102.596326
"2016-08-01",104.410004,106.150002,104.410004,106.050003,101.316849,38167900,103.958951666667
"2016-08-02",106.050003,106.07,104,104.480003,99.816925,33816600,103.295641666667
"2016-08-03",104.809998,105.839996,104.769997,105.790001,101.068451,30202600,103.892814666667
"2016-08-04",105.580002,106,105.279999,105.870003,101.692818,27408700,104.324272333333
"2016-08-05",106.269997,107.650002,106.18,107.480003,103.239288,40553400,105.689763333333
"2016-08-08",107.519997,108.370003,107.160004,108.370003,104.094177,28037200,106.541394666667
"2016-08-09",108.230003,108.940002,108.010002,108.809998,104.516815,26315200,107.155606333333
"2016-08-10",108.709999,108.900002,107.760002,108,103.738762,24008500,106.799588666667
"2016-08-11",108.519997,108.93,107.849998,107.93,103.671532,27484500,106.817176666667
"2016-08-12",107.779999,108.440002,107.779999,108.18,103.911659,18660400,106.710553333333
"2016-08-15",108.139999,109.540001,108.080002,109.480003,105.160378,25868200,107.593460333333
"2016-08-16",109.629997,110.230003,109.209999,109.379997,105.064316,33794400,108.168106
"2016-08-17",109.099998,109.370003,108.339996,109.220001,104.910622,25356000,107.540207
"2016-08-18",109.230003,109.599998,109.019997,109.080002,104.776161,21984700,107.798718666667
"2016-08-19",108.769997,109.690002,108.360001,109.360001,105.045113,25368100,107.698372
"2016-08-22",108.860001,109.099998,107.849998,108.510002,104.228661,25820200,107.059552333333
"2016-08-23",108.589996,109.32,108.529999,108.849998,104.555229,21257700,107.468409333333
"2016-08-24",108.57,108.75,107.68,108.029999,103.767593,23675100,106.732531
"2016-08-25",107.389999,107.879997,106.68,107.57,103.325737,25086200,105.961911333333
"2016-08-26",107.410004,107.949997,106.309998,106.940002,102.720581,27766300,105.660192
"2016-08-29",106.620003,107.440002,106.290001,106.82,102.605331,24970300,105.445111333333
"2016-08-30",105.800003,106.5,105.5,106,101.817673,24863900,104.605891
"2016-08-31",105.660004,106.57,105.639999,106.099998,101.913734,29662400,104.707911
"2016-09-01",106.139999,106.800003,105.620003,106.730003,102.518875,26701500,104.979627
"2016-09-02",107.699997,108,106.82,107.730003,103.479424,26802500,106.099808
"2016-09-06",107.900002,108.300003,107.510002,107.699997,103.450592,26880400,106.420199
"2016-09-07",107.830002,108.760002,107.07,108.360001,104.084557,42364300,106.638186333333
"2016-09-08",107.25,107.269997,105.239998,105.519997,101.356606,53002000,104.622200333333
"2016-09-09",104.639999,105.720001,103.129997,103.129997,99.060921,46557000,102.636973
"2016-09-12",102.650002,105.720001,102.529999,105.440002,101.27977,45292800,103.17659
"2016-09-13",107.510002,108.790001,107.239998,107.949997,103.690727,62176200,106.573575333333
"2016-09-14",108.730003,113.029999,108.599998,111.769997,107.360023,110888700,109.66334
"2016-09-15",113.860001,115.730003,113.489998,115.57,111.010086,89983600,113.410029
"2016-09-16",115.120003,116.129997,114.040001,114.919998,110.385735,79886900,113.518577666667
"2016-09-19",115.190002,116.18,113.25,113.580002,109.098602,47023000,112.842867333333
"2016-09-20",113.050003,114.120003,112.510002,113.57,109.088982,34514300,111.906329
"2016-09-21",113.849998,113.989998,112.440002,113.550003,109.069778,36003200,111.833259333333
"2016-09-22",114.349998,114.940002,114,114.620003,110.097565,31074000,113.012522333333
"2016-09-23",114.419998,114.790001,111.550003,112.709999,108.262924,52481200,111.534309333333
"2016-09-26",111.639999,113.389999,111.550003,112.879997,108.426224,29869400,111.122075333333
"2016-09-27",113,113.18,112.339996,113.089996,108.627937,24607400,111.382644333333
"2016-09-28",113.690002,114.639999,113.43,113.949997,109.454002,29641100,112.508000333333
"2016-09-29",113.160004,113.800003,111.800003,112.18,107.753845,35887000,111.117950333333
"2016-09-30",112.459999,113.370003,111.800003,113.050003,108.589523,36379100,111.253176333333
"2016-10-03",112.709999,113.050003,112.279999,112.519997,108.080414,21701800,111.136805333333
"2016-10-04",113.059998,114.309998,112.629997,113,108.541481,29736800,111.827158666667
"2016-10-05",113.400002,113.660004,112.690002,113.050003,108.589523,21453100,111.646509666667
"2016-10-06",113.699997,114.339996,113.129997,113.889999,109.39637,28779300,112.288787666667
"2016-10-07",114.309998,114.559998,113.510002,114.059998,109.559677,24358400,112.543225666667
"2016-10-10",115.019997,116.75,114.720001,116.050003,111.471146,36236000,114.313715666667
"2016-10-11",117.699997,118.690002,116.199997,116.300003,111.711288,64041000,115.533762333333
"2016-10-12",117.349998,117.980003,116.75,117.339996,112.710236,37586800,115.813413
"2016-10-13",116.790001,117.440002,115.720001,116.980003,112.364464,35192400,115.174822333333
"2016-10-14",117.879997,118.169998,117.129997,117.629997,112.9888,35652200,116.096265
"2016-10-17",117.330002,117.839996,116.779999,117.550003,112.911964,23624900,115.843986333333
"2016-10-18",118.18,118.209999,117.449997,117.470001,112.835114,24553500,116.165036666667
"2016-10-19",117.25,117.760002,113.800003,117.120003,112.498932,20034600,114.686312333333
"2016-10-20",116.860001,117.379997,116.330002,117.059998,112.441284,24125800,115.383761
"2016-10-21",116.809998,116.910004,116.279999,116.599998,111.999451,23192700,115.063151333333
"2016-10-24",117.099998,117.739998,117,117.650002,113.008018,23538700,115.916005333333
"2016-10-25",117.949997,118.360001,117.309998,118.25,113.584343,48129000,116.418114
"2016-10-26",114.309998,115.699997,113.309998,115.589996,111.029289,66134200,113.346428
"2016-10-27",115.389999,115.860001,114.099998,114.480003,109.963097,34562000,113.307698666667
"2016-10-28",113.870003,115.209999,113.449997,113.720001,109.233078,37861700,112.631024666667
"2016-10-31",113.650002,114.230003,113.199997,113.540001,109.060188,26419400,112.163396
"2016-11-01",113.459999,113.769997,110.529999,111.489998,107.091064,43825800,110.463686666667
"2016-11-02",111.400002,112.349998,111.230003,111.589996,107.187111,28331700,110.255704
"2016-11-03",110.980003,111.459999,109.550003,109.830002,106.038208,26932600,109.01607
"2016-11-04",108.529999,110.25,108.110001,108.839996,105.082375,30837000,107.814125333333
"2016-11-07",110.080002,110.510002,109.459999,110.410004,106.598175,32560000,108.856058666667
"2016-11-08",110.309998,111.720001,109.699997,111.059998,107.225731,24054500,109.548576333333
"2016-11-09",109.879997,111.32,108.050003,110.879997,107.051956,59176400,108.807319666667
"2016-11-10",111.089996,111.089996,105.830002,107.790001,104.068626,57134500,106.996208
"2016-11-11",107.120003,108.870003,106.550003,108.43,104.686531,34094100,106.702179
"2016-11-14",107.709999,107.809998,104.080002,105.709999,102.060455,51175500,104.650151666667
"2016-11-15",106.57,107.68,106.160004,107.110001,103.412117,32264500,105.750707
"2016-11-16",106.699997,110.230003,106.599998,109.989998,106.19268,58840500,107.674227
"2016-11-17",109.809998,110.349998,108.830002,109.949997,106.15406,27632000,108.444686666667
"2016-11-18",109.720001,110.540001,109.660004,110.059998,106.260269,28428900,108.820091333333
"2016-11-21",110.120003,111.989998,110.010002,111.730003,107.87262,29264600,109.95754
"2016-11-22",111.949997,112.419998,111.400002,111.800003,107.940193,25965500,110.586731
"2016-11-23",111.360001,111.510002,110.330002,111.230003,107.38987,27426400,109.743291333333
"2016-11-25",111.129997,111.870003,110.949997,111.790001,107.930534,11475900,110.250178
"2016-11-28",111.43,112.470001,111.389999,111.57,107.71814,27194000,110.526046666667
"2016-11-29",110.779999,112.029999,110.07,111.459999,107.611946,28528800,109.903981666667
"2016-11-30",111.599998,112.199997,110.269997,110.519997,106.704384,36162300,109.724792666667
"2016-12-01",110.370003,110.940002,109.029999,109.489998,105.709946,37086900,108.559982333333
"2016-12-02",109.169998,110.089996,108.849998,109.900002,106.105789,26528000,108.348594333333
"2016-12-05",110,110.029999,108.25,109.110001,105.343063,34324500,107.874354
"2016-12-06",109.5,110.360001,109.190002,109.949997,106.15406,26195500,108.568021
"2016-12-07",109.260002,111.190002,109.160004,111.029999,107.19677,29998700,109.182258666667
"2016-12-08",110.860001,112.43,110.599998,112.120003,108.249146,27068300,110.426381333333
"2016-12-09",112.309998,114.699997,112.309998,113.949997,110.015961,34402600,112.341985333333
"2016-12-12",113.290001,115,112.489998,113.300003,109.388397,26374400,112.292798333333
"2016-12-13",113.839996,115.919998,113.75,115.190002,111.21315,43733800,113.627716
"2016-12-14",115.040001,116.199997,114.980003,115.190002,111.21315,34031800,114.13105
"2016-12-15",115.379997,116.730003,115.230003,115.82,111.821404,46524500,114.593803333333
"2016-12-16",116.470001,116.5,115.650002,115.970001,111.966232,44351100,114.705411333333
"2016-12-19",115.800003,117.379997,115.75,116.639999,112.613098,27779400,115.247698333333
"2016-12-20",116.739998,117.5,116.68,116.949997,112.912392,21425000,115.697464
"2016-12-21",116.800003,117.400002,116.779999,117.059998,113.018585,23783200,115.732862
"2016-12-22",116.349998,116.510002,115.639999,116.290001,112.275185,26085900,114.808395333333
"2016-12-23",115.589996,116.519997,115.589996,116.519997,112.497246,14249500,114.869079666667
"2016-12-27",116.519997,117.800003,116.489998,117.260002,113.211685,18296900,115.833895333333
"2016-12-28",117.519997,118.019997,116.199997,116.760002,112.728951,20905900,115.649648333333
"2016-12-29",116.449997,117.110001,116.400002,116.730003,112.699989,15039500,115.403330666667
"2016-12-30",116.650002,117.199997,115.43,115.82,111.821404,30586300,114.817133666667
"2017-01-03",115.800003,116.330002,114.760002,116.150002,112.140007,28781900,114.410003666667
"2017-01-04",115.849998,116.510002,115.75,116.019997,112.014503,21118100,114.758168333333
"2017-01-05",115.919998,116.860001,115.809998,116.610001,112.584129,22193600,115.084709333333
"2017-01-06",116.779999,118.160004,116.470001,117.910004,113.839249,31751900,116.156418
"2017-01-09",117.949997,119.43,117.940002,118.989998,114.88195,33561900,117.417317333333
"2017-01-10",118.769997,119.379997,118.300003,119.110001,114.997818,24462100,117.559272666667
"2017-01-11",118.739998,119.93,118.599998,119.75,115.615723,27588600,118.048573666667
"2017-01-12",118.900002,119.300003,118.209999,119.25,115.132988,27086200,117.547663333333
"2017-01-13",119.110001,119.620003,118.809998,119.040001,114.930237,26111900,117.786746
"2017-01-17",118.339996,120.239998,118.220001,120,115.857086,34439800,118.105695
"2017-01-18",120,120.5,119.709999,119.989998,115.847435,23713000,118.685811333333
"2017-01-19",119.400002,120.089996,119.370003,119.779999,115.644691,25597300,118.36823
"2017-01-20",120.449997,120.449997,119.730003,120,115.857086,32597900,118.679028666667
"2017-01-23",120,120.809998,119.769997,120.080002,115.934326,22050200,118.838107
"2017-01-24",119.550003,120.099998,119.5,119.970001,115.828125,23211000,118.476041
"2017-01-25",120.419998,122.099998,120.279999,121.879997,117.672188,32377600,120.017395
"2017-01-26",121.669998,122.440002,121.599998,121.940002,117.730118,26337600,120.590039333333
"2017-01-27",122.139999,122.349998,121.599998,121.949997,117.739769,20562900,120.563255
"2017-01-30",120.93,121.629997,120.660004,121.629997,117.430817,30377500,119.906939333333
"2017-01-31",121.150002,121.389999,120.620003,121.349998,117.160492,49201000,119.723498
"2017-02-01",127.029999,130.490005,127.010002,128.75,124.305,111985000,127.268335666667
"2017-02-02",127.980003,129.389999,127.779999,128.529999,124.092606,33710400,127.087534666667
"2017-02-03",128.309998,129.190002,128.160004,129.080002,124.623619,24507300,127.324541666667
"2017-02-06",129.130005,130.5,128.899994,130.289993,125.79184,26845900,128.397278
"2017-02-07",130.539993,132.089996,130.449997,131.529999,126.989029,38183800,129.843007333333
"2017-02-08",131.350006,132.220001,131.220001,132.039993,127.481415,23004100,130.307139
"2017-02-09",131.649994,132.449997,131.119995,132.419998,128.402603,28349900,130.657531666667
"2017-02-10",132.460007,132.940002,132.050003,132.119995,128.11171,20065500,131.033905
"2017-02-13",133.080002,133.820007,132.75,133.289993,129.246201,23035400,131.938736
"2017-02-14",133.470001,135.089996,133.25,135.020004,130.923721,33226200,133.087905666667
"2017-02-15",135.520004,136.270004,134.619995,135.509995,131.398834,35623100,134.096277666667
"2017-02-16",135.669998,135.899994,134.839996,135.350006,131.243729,22584600,133.994573
"2017-02-17",135.100006,135.830002,135.100006,135.720001,131.602493,22198200,134.177500333333
"2017-02-21",136.229996,136.75,135.979996,136.699997,132.55275,24507200,135.094248666667
"2017-02-22",136.429993,137.119995,136.110001,137.110001,132.950317,20836900,135.393437666667
"2017-02-23",137.380005,137.479996,136.300003,136.529999,132.387909,20788200,135.389302666667
"2017-02-24",135.910004,136.660004,135.279999,136.660004,132.513962,21776600,134.817988333333
"2017-02-27",137.139999,137.440002,136.279999,136.929993,132.775772,20257400,135.498591
"2017-02-28",137.080002,137.440002,136.699997,136.990005,132.833969,23482900,135.657989333333
"2017-03-01",137.889999,140.149994,137.600006,139.789993,135.548996,36414600,137.766332
"2017-03-02",140,140.279999,138.759995,138.960007,134.744186,26211000,137.92806
"2017-03-03",138.779999,139.830002,138.589996,139.779999,135.539307,21108100,137.986435
"2017-03-06",139.369995,139.770004,138.600006,139.339996,135.112656,21750000,137.827555333333
"2017-03-07",139.059998,139.979996,138.789993,139.520004,135.287201,17446300,138.019063333333
"2017-03-08",138.949997,139.800003,138.820007,139,134.782974,18707200,137.800994666667
"2017-03-09",138.740005,138.789993,137.050003,138.679993,134.472672,22155900,136.770889333333
"2017-03-10",139.25,139.360001,138.639999,139.139999,134.918732,19612800,137.639577333333
"2017-03-13",138.850006,139.429993,138.820007,139.199997,134.976898,17421700,137.742299333333
"2017-03-14",139.300003,139.649994,138.839996,138.990005,134.773285,15309100,137.754425
"2017-03-15",139.410004,140.75,139.029999,140.460007,136.198685,25691800,138.659561333333
"2017-03-16",140.720001,141.020004,140.259995,140.690002,136.421692,19232000,139.233897
"2017-03-17",141,141,139.889999,139.990005,135.74295,43885000,138.877649666667
"2017-03-20",140.399994,141.5,140.229996,141.460007,137.168365,21542000,139.632787
"2017-03-21",142.110001,142.800003,139.729996,139.839996,135.597504,39529900,139.375834333333
"2017-03-22",139.850006,141.600006,139.759995,141.419998,137.129562,25860200,139.496521
"2017-03-23",141.259995,141.580002,140.610001,140.919998,136.644714,20346300,139.611572333333
"2017-03-24",141.5,141.740005,140.350006,140.639999,136.37323,22395600,139.487747
"2017-03-27",139.389999,141.220001,138.619995,140.880005,136.605957,23575100,138.815317666667
"2017-03-28",140.910004,144.039993,140.619995,143.800003,139.437347,33374800,141.365778333333
"2017-03-29",143.679993,144.490005,143.190002,144.119995,139.74765,29190000,142.475885666667
"2017-03-30",144.190002,144.5,143.5,143.929993,139.563416,21207300,142.521138666667
"2017-03-31",143.720001,144.270004,143.009995,143.660004,139.301605,19661700,142.193868
"2017-04-03",143.710007,144.119995,143.050003,143.699997,139.340393,19985700,142.170130333333
"2017-04-04",143.25,144.889999,143.169998,144.770004,140.37793,19891400,142.812642333333
"2017-04-05",144.220001,145.460007,143.809998,144.020004,139.650681,27717900,142.973562
"2017-04-06",144.289993,144.520004,143.449997,143.660004,139.301605,21149000,142.423868666667
"2017-04-07",143.729996,144.179993,143.270004,143.339996,138.991318,16672200,142.147105
"2017-04-10",143.600006,143.880005,142.899994,143.169998,138.826462,18933400,141.868820333333
"2017-04-11",142.940002,143.350006,140.059998,141.630005,137.333206,30379400,140.247736666667
"2017-04-12",141.600006,142.149994,141.009995,141.800003,137.498032,20350000,140.219340333333
"2017-04-13",141.910004,142.380005,141.050003,141.050003,136.770782,17822900,140.06693
"2017-04-17",141.479996,141.880005,140.869995,141.830002,137.52713,16582100,140.092376666667
"2017-04-18",141.410004,142.039993,141.110001,141.199997,136.916229,14697500,140.022074333333
"2017-04-19",141.880005,142,140.449997,140.679993,136.412003,17328400,139.620666666667
"2017-04-20",141.220001,142.919998,141.160004,142.440002,138.118622,23319600,140.732874666667
"2017-04-21",142.440002,142.679993,141.850006,142.270004,137.953781,17320900,140.827926666667
"2017-04-24",143.5,143.949997,143.179993,143.639999,139.282196,17134300,142.137395333333
"2017-04-25",143.910004,144.899994,143.869995,144.529999,140.145187,18871500,142.971725333333
"2017-04-26",144.470001,144.600006,143.380005,143.679993,139.320984,20041200,142.433665
"2017-04-27",143.919998,144.160004,143.309998,143.789993,139.427643,14246300,142.299215
"2017-04-28",144.089996,144.300003,143.270004,143.649994,139.291885,20860400,142.287297333333
"2017-05-01",145.100006,147.199997,144.960007,146.580002,142.132996,33602900,144.764333333333
"2017-05-02",147.539993,148.089996,146.839996,147.509995,143.034805,45352200,145.988265666667
"2017-05-03",145.589996,147.490005,144.270004,147.059998,142.59845,45697000,144.786153
"2017-05-04",146.520004,147.139999,145.809998,146.529999,142.084518,23371900,145.011505
"2017-05-05",146.759995,148.979996,146.759995,148.960007,144.440811,27327700,146.726934
"2017-05-08",149.029999,153.699997,149.029999,153.009995,148.36792,48752400,150.365972
"2017-05-09",153.869995,154.880005,153.449997,153.990005,149.318192,39130400,152.549398
"2017-05-10",153.630005,153.940002,152.110001,153.259995,148.610352,25805700,151.553451666667
"2017-05-11",152.449997,154.070007,152.309998,153.949997,149.895569,27255100,152.091858
"2017-05-12",154.699997,156.419998,154.669998,156.100006,151.988968,32527000,154.359654666667
"2017-05-15",156.009995,156.649994,155.050003,155.699997,151.599518,26009700,154.433171666667
"2017-05-16",155.940002,156.059998,154.720001,155.470001,151.375549,20048500,154.051849333333
"2017-05-17",153.600006,154.570007,149.710007,150.25,146.29303,50767700,150.191014666667
"2017-05-18",151.270004,153.339996,151.130005,152.539993,148.522705,33568200,150.997568666667
"2017-05-19",153.380005,153.979996,152.630005,153.059998,149.029007,26960800,151.879669333333
"2017-05-22",154,154.580002,152.910004,153.990005,149.93454,22966400,152.474848666667
"2017-05-23",154.899994,154.899994,153.309998,153.800003,149.749542,19918900,152.653178
"2017-05-24",153.839996,154.169998,152.669998,153.339996,149.301636,19178000,152.047210666667
"2017-05-25",153.729996,154.350006,153.029999,153.869995,149.817673,19235600,152.399226
"2017-05-26",154,154.240005,153.309998,153.610001,149.564529,21927600,152.371510666667
"2017-05-30",153.419998,154.429993,153.330002,153.669998,149.622955,20126900,152.460983333333
"2017-05-31",153.970001,154.169998,152.380005,152.759995,148.736908,24451200,151.762303666667
"2017-06-01",153.169998,153.330002,152.220001,153.179993,149.145844,16404100,151.565282333333
"2017-06-02",153.580002,155.449997,152.889999,155.449997,151.356079,27770700,153.232025
"2017-06-05",154.339996,154.449997,153.460007,153.929993,149.876099,25331700,152.595367666667
"2017-06-06",153.899994,155.809998,153.779999,154.449997,150.382416,26624900,153.324137666667
"2017-06-07",155.020004,155.979996,154.479996,155.369995,151.278198,21069600,153.91273
"2017-06-08",155.25,155.539993,154.399994,154.990005,150.908203,21250800,153.616063333333
"2017-06-09",155.190002,155.190002,146.020004,148.979996,145.056458,64882700,148.755488
"2017-06-12",145.740005,146.089996,142.509995,145.419998,141.59024,72307300,143.396743666667
"2017-06-13",147.160004,147.449997,145.149994,146.589996,142.729416,34165400,145.109802333333
"2017-06-14",147.5,147.5,143.839996,145.160004,141.337067,31531200,144.225687666667
"2017-06-15",143.320007,144.479996,142.210007,144.289993,140.48996,32165400,142.393321
"2017-06-16",143.779999,144.5,142.199997,142.270004,138.523209,50361100,141.741068666667
"2017-06-19",143.660004,146.740005,143.660004,146.339996,142.486008,32541400,144.295339
"2017-06-20",146.869995,146.869995,144.940002,145.009995,141.19101,24900100,144.333669
"2017-06-21",145.520004,146.070007,144.610001,145.869995,142.028366,21265800,144.236124666667
"2017-06-22",145.770004,146.699997,145.119995,145.630005,141.794708,19106300,144.538233333333
"2017-06-23",145.130005,147.160004,145.110001,146.279999,142.427597,35439400,144.899200666667
"2017-06-26",147.169998,148.279999,145.380005,145.820007,141.979691,25692400,145.213231666667
"2017-06-27",145.009995,146.160004,143.619995,143.729996,139.944733,24761900,143.241577333333
"2017-06-28",144.490005,146.110001,143.160004,145.830002,141.989441,22082400,143.753148666667
"2017-06-29",144.710007,145.130005,142.279999,143.679993,139.896042,31499400,142.435348666667
"2017-06-30",144.449997,144.960007,143.779999,144.020004,140.227097,23024100,142.989034333333
"2017-07-03",144.880005,145.300003,143.100006,143.5,139.720795,14277800,142.706934666667
"2017-07-05",143.690002,144.789993,142.720001,144.089996,140.295242,21569600,142.601745333333
"2017-07-06",143.020004,143.5,142.410004,142.729996,138.971069,24128800,141.627024333333
"2017-07-07",142.899994,144.75,142.899994,144.179993,140.382874,19201700,142.677622666667
"2017-07-10",144.110001,145.949997,143.369995,145.059998,141.2397,21090600,143.519897333333
"2017-07-11",144.729996,145.850006,144.380005,145.529999,141.697327,19781800,143.975779333333
"2017-07-12",145.869995,146.179993,144.820007,145.740005,141.90181,24884500,144.300603333333
"2017-07-13",145.5,148.490005,145.440002,147.770004,143.878342,25199400,145.936116333333
"2017-07-14",147.970001,149.330002,147.330002,149.039993,145.114883,20132100,147.258295666667
"2017-07-17",148.820007,150.899994,148.570007,149.559998,145.62117,23793500,148.363723666667
"2017-07-18",149.199997,150.130005,148.669998,150.080002,146.127518,17868800,148.309173666667
"2017-07-19",150.479996,151.419998,149.949997,151.020004,147.04274,20923000,149.470911666667
"2017-07-20",151.5,151.740005,150.190002,150.339996,146.380661,17243700,149.436889333333
"2017-07-21",149.990005,150.440002,148.880005,150.270004,146.312531,26252600,148.544179333333
"2017-07-24",150.580002,152.440002,149.899994,152.089996,148.084564,21493200,150.14152
"2017-07-25",151.800003,153.839996,151.800003,152.740005,148.717453,18853900,151.452484
"2017-07-26",153.350006,153.929993,153.059998,153.460007,149.418518,15781000,152.136169666667
"2017-07-27",153.75,153.990005,147.300003,150.559998,146.594864,32476300,149.294957333333
"2017-07-28",149.889999,150.229996,149.190002,149.5,145.562775,17213700,148.327591
"2017-07-31",149.899994,150.330002,148.130005,148.729996,144.813034,19845900,147.757680333333
"2017-08-01",149.100006,150.220001,148.410004,150.050003,146.098297,35368600,148.242767333333
"2017-08-02",159.279999,159.75,156.160004,157.139999,153.001572,69936800,156.303858666667
"2017-08-03",157.050003,157.210007,155.020004,155.570007,151.472931,27097300,154.567647333333
"2017-08-04",156.070007,157.399994,155.690002,156.389999,152.271317,20559900,155.120437666667
"2017-08-07",157.059998,158.919998,156.669998,158.809998,154.627609,21870300,156.739201666667
"2017-08-08",158.600006,161.830002,158.270004,160.080002,155.864151,36205900,158.654719
"2017-08-09",159.259995,161.270004,159.110001,161.059998,156.818329,26131500,159.066111333333
"2017-08-10",159.899994,160,154.630005,155.320007,151.82338,40804300,155.484461666667
"2017-08-11",156.600006,158.570007,156.070007,157.479996,153.934753,26257100,156.191589
"2017-08-14",159.320007,160.210007,158.75,159.850006,156.251419,22122700,158.403808666667
"2017-08-15",160.660004,162.199997,160.139999,161.600006,157.96199,29465500,160.100662
"2017-08-16",161.940002,162.509995,160.149994,160.949997,157.326645,27671600,159.995544666667
"2017-08-17",160.520004,160.710007,157.839996,157.860001,154.306213,27940600,157.618738666667
"2017-08-18",157.860001,159.5,156.720001,157.5,153.9543,27428100,156.724767
"2017-08-21",157.5,157.889999,155.110001,157.210007,153.670837,26368500,155.556945666667
"2017-08-22",158.229996,160,158.020004,159.779999,156.182968,21604600,158.067657333333
"2017-08-23",159.070007,160.470001,158.880005,159.979996,156.378464,19399100,158.576156666667
"2017-08-24",160.429993,160.740005,158.550003,159.270004,155.684448,19818900,158.324818666667
"2017-08-25",159.649994,160.559998,159.270004,159.860001,156.261154,25480100,158.697052
"2017-08-28",160.139999,162,159.929993,161.470001,157.834915,25966000,159.921636
"2017-08-29",160.100006,163.119995,160,162.910004,159.242508,29516900,160.787501
"2017-08-30",163.800003,163.889999,162.610001,163.350006,159.672623,27269600,162.057541
"2017-08-31",163.639999,164.520004,163.479996,164,160.307968,26785100,162.769322666667
"2017-09-01",164.800003,164.940002,163.630005,164.050003,160.356842,16591100,162.975616333333
"2017-09-05",163.75,164.25,160.559998,162.080002,158.431183,29468500,161.080393666667
"2017-09-06",162.710007,162.990005,160.520004,161.910004,158.26503,21651700,160.591679666667
"2017-09-07",162.089996,162.240005,160.360001,161.259995,157.629654,21928500,160.076553333333
"2017-09-08",160.860001,161.149994,158.529999,158.630005,155.058868,28611500,158.246287
"2017-09-11",160.5,162.050003,159.889999,161.5,157.864258,31580800,159.934753333333
"2017-09-12",162.610001,163.960007,158.770004,160.860001,157.238647,71714000,159.989552666667
"2017-09-13",159.869995,159.960007,157.910004,159.649994,156.055878,44907400,157.975296333333
"2017-09-14",158.990005,159.399994,158.089996,158.279999,154.716736,23760700,157.402242
"2017-09-15",158.470001,160.970001,158,159.880005,156.280716,49114600,158.416905666667
"2017-09-18",160.110001,160.5,158,158.669998,155.097946,28269400,157.865982
"2017-09-19",159.509995,159.770004,158.440002,158.729996,155.156601,20810600,157.788869
"2017-09-20",157.899994,158.259995,153.830002,156.070007,152.556503,52951400,154.882166666667
"2017-09-21",155.800003,155.800003,152.75,153.389999,149.936829,37511700,152.828944
"2017-09-22",151.539993,152.270004,150.559998,151.889999,148.470596,46645400,150.433532666667
"2017-09-25",149.990005,151.830002,149.160004,150.550003,147.160751,44387300,149.383585666667
"2017-09-26",151.779999,153.919998,151.690002,153.139999,149.692444,36660000,151.767481333333
"2017-09-27",153.800003,154.720001,153.539993,154.229996,150.757935,25504200,153.005976333333
"2017-09-28",153.889999,154.279999,152.699997,153.279999,149.829315,22005500,152.269770333333
"2017-09-29",153.210007,154.130005,152,154.119995,150.650375,26299800,152.260126666667
"2017-10-02",154.259995,154.449997,152.720001,153.809998,150.347382,18698800,152.505793333333
"2017-10-03",154.009995,155.089996,153.910004,154.479996,151.002274,16230300,153.334091333333
"2017-10-04",153.630005,153.860001,152.460007,153.479996,150.024796,20163800,152.114934666667
"2017-10-05",154.179993,155.440002,154.050003,155.389999,151.891785,21283800,153.79393
"2017-10-06",154.970001,155.490005,154.559998,155.300003,151.803818,17407600,153.951273666667
"2017-10-09",155.809998,156.729996,155.490005,155.839996,152.331665,16262900,154.850555333333
"2017-10-10",156.059998,158,155.100006,155.899994,152.390305,15617000,155.163437
"2017-10-11",155.970001,156.979996,155.75,156.550003,153.025696,16905600,155.251897333333
"2017-10-12",156.350006,157.369995,155.729996,156,152.488052,16125100,155.196014333333
"2017-10-13",156.729996,157.279999,156.410004,156.990005,153.455765,16394200,155.715256
"2017-10-16",157.899994,160,157.649994,159.880005,156.280716,24121500,157.976903333333
"2017-10-17",159.779999,160.869995,159.229996,160.470001,156.857437,18997300,158.985809333333
"2017-10-18",160.419998,160.710007,159.600006,159.759995,156.163422,16374200,158.824478333333
"2017-10-19",156.75,157.080002,155.020004,155.979996,152.468521,42584200,154.856175666667
"2017-10-20",156.610001,157.75,155.960007,156.25,152.732422,23974100,155.480809666667
"2017-10-23",156.889999,157.690002,155.5,156.169998,152.654221,21984300,155.281407666667
"2017-10-24",156.289993,157.419998,156.199997,157.100006,153.563309,17757200,155.727768
"2017-10-25",156.910004,157.550003,155.270004,156.410004,152.88884,21207100,155.236282333333
"2017-10-26",157.229996,157.830002,156.779999,157.410004,153.866302,17000500,156.158767666667
"2017-10-27",159.289993,163.600006,158.699997,163.050003,159.379364,44454200,160.559789
"2017-10-30",163.889999,168.070007,163.720001,166.720001,162.966751,44700800,164.918919666667
"2017-10-31",167.899994,169.649994,166.940002,169.039993,165.234512,36046800,167.274836
"2017-11-01",169.869995,169.940002,165.610001,166.889999,163.132919,33637800,166.227640666667
"2017-11-02",166.600006,168.5,165.279999,168.110001,164.325455,41393400,166.035151333333
"2017-11-03",174,174.259995,171.119995,172.5,168.616608,59398600,171.332199333333
"2017-11-06",172.369995,174.990005,171.720001,174.25,170.327209,34319500,172.345738333333
"2017-11-07",173.910004,175.25,173.600006,174.809998,170.874619,24361500,173.241541666667
"2017-11-08",174.660004,176.240005,174.330002,176.240005,172.272415,24409500,174.280807333333
"2017-11-09",175.110001,176.100006,173.139999,175.880005,171.920532,29482600,173.720179
"2017-11-10",175.110001,175.380005,174.270004,174.669998,171.351532,25145500,173.667180333333
"2017-11-13",173.5,174.5,173.399994,173.970001,170.664841,16982100,172.854945
"2017-11-14",173.039993,173.479996,171.179993,171.339996,168.084793,24782500,170.914927333333
"2017-11-15",169.970001,170.320007,168.380005,169.080002,165.867737,29158100,168.189249666667
"2017-11-16",171.179993,171.869995,170.300003,171.100006,167.84938,23637500,170.006459333333
"2017-11-17",171.039993,171.389999,169.639999,170.149994,166.917419,21899500,169.315805666667
"2017-11-20",170.289993,170.559998,169.559998,169.979996,166.750641,16262400,168.956879
"2017-11-21",170.779999,173.699997,170.779999,173.139999,169.850601,25131300,171.443532333333
"2017-11-22",173.360001,175,173.050003,174.960007,171.636032,25588900,173.228678333333
"2017-11-24",175.100006,175.5,174.649994,174.970001,171.645859,14026700,173.931951
"2017-11-27",175.050003,175.080002,173.339996,174.089996,170.782547,20716800,173.067515
"2017-11-28",174.300003,174.869995,171.860001,173.070007,169.781952,26428800,172.170649333333
"2017-11-29",172.630005,172.919998,167.160004,169.479996,166.260147,41666400,168.780049666667
"2017-11-30",170.429993,172.139999,168.440002,171.850006,168.585114,41527200,169.721705
"2017-12-01",169.949997,171.669998,168.5,171.050003,167.800308,39759300,169.323435333333
"2017-12-04",172.479996,172.619995,169.630005,169.800003,166.574081,32542400,169.608027
"2017-12-05",169.059998,171.520004,168.399994,169.639999,166.417099,27350200,168.779032333333
"2017-12-06",167.5,170.199997,166.460007,169.009995,165.799088,28560000,167.486364
"2017-12-07",169.029999,170.440002,168.910004,169.320007,166.103195,25673300,168.484400333333
"2017-12-08",170.490005,171,168.820007,169.369995,166.152222,23355200,168.657409666667
"2017-12-11",169.199997,172.889999,168.789993,172.669998,169.389542,35273800,170.356511333333
"2017-12-12",172.149994,172.389999,171.460007,171.699997,168.437973,19409200,170.762659666667
"2017-12-13",172.5,173.539993,172,172.270004,168.997131,23818400,171.512374666667
"2017-12-14",172.399994,173.130005,171.649994,172.220001,168.948074,20476500,171.242691
"2017-12-15",173.630005,174.169998,172.460007,173.970001,170.664841,40169300,172.431615333333
"2017-12-18",174.880005,177.199997,174.860001,176.419998,173.068283,29421100,175.042760333333
"2017-12-19",175.029999,175.389999,174.089996,174.539993,171.224014,27436400,173.568003
"2017-12-20",174.869995,175.419998,173.25,174.350006,171.037628,23475600,173.235875333333
"2017-12-21",174.169998,176.020004,174.100006,175.009995,171.685074,20949900,173.935028
"2017-12-22",174.679993,175.419998,174.5,175.009995,171.685074,16114600,173.868357333333
"2017-12-26",170.800003,171.470001,169.679993,170.570007,167.329453,33185500,169.493149
"2017-12-27",170.100006,170.779999,169.710007,170.600006,167.358871,21498200,169.282959
"2017-12-28",171,171.850006,170.479996,171.080002,167.829758,16480200,170.053253333333
"2017-12-29",170.520004,170.589996,169.220001,169.229996,166.014908,25884400,168.608301666667
"2018-01-02",170.160004,172.300003,169.259995,172.259995,168.98732,25555900,170.182439333333
"2018-01-03",172.529999,174.550003,171.960007,172.229996,168.957886,29517900,171.822632
"2018-01-04",172.539993,173.470001,172.080002,173.029999,169.742706,22434600,171.764236333333
"2018-01-05",173.440002,175.369995,173.050003,175,171.675278,23660000,173.365092
"2018-01-08",174.350006,175.610001,173.929993,174.350006,171.037628,20567800,173.525874
"2018-01-09",174.550003,175.059998,173.410004,174.330002,171.018005,21584000,173.162669
"2018-01-10",173.160004,174.300003,173,174.289993,170.97876,23959900,172.759587666667
"2018-01-11",174.589996,175.490005,174.490005,175.279999,171.949951,18667700,173.976653666667
"2018-01-12",176.179993,177.360001,175.649994,177.089996,173.725571,25226000,175.578522
"2018-01-16",177.899994,179.389999,176.139999,176.190002,172.842682,29565900,176.124226666667
"2018-01-17",176.149994,179.25,175.070007,179.100006,175.697388,34386800,176.672465
"2018-01-18",179.369995,180.100006,178.25,179.259995,175.85434,31193400,178.068115333333
"2018-01-19",178.610001,179.580002,177.410004,178.460007,175.06955,32425100,177.353185333333
"2018-01-22",177.300003,177.779999,176.600006,177,173.637283,27108600,176.005762666667
"2018-01-23",177.300003,179.440002,176.820007,177.039993,173.676514,32689100,176.645507666667
"2018-01-24",177.25,177.300003,173.199997,174.220001,170.91008,51105100,173.80336
"2018-01-25",174.509995,174.949997,170.529999,171.110001,167.859161,41529000,171.113052333333
"2018-01-26",172,172,170.059998,171.509995,168.251556,39143000,170.103851333333
"2018-01-29",170.160004,170.160004,167.070007,167.960007,164.769012,50640400,167.333007666667
"2018-01-30",165.529999,167.369995,164.699997,166.970001,163.797836,46048200,165.289276
"2018-01-31",166.869995,168.440002,166.5,167.429993,164.249084,32478900,166.396362
"2018-02-01",167.169998,168.619995,166.759995,167.779999,164.592438,47230800,166.657476
"2018-02-02",166,166.800003,160.100006,160.5,157.450745,86593800,161.450251333333
"2018-02-05",159.100006,163.880005,156,156.490005,153.516953,72738500,157.798986
"2018-02-06",154.830002,163.720001,154,163.029999,159.932663,68243800,159.217554666667
"2018-02-07",163.089996,163.399994,159.070007,159.539993,156.508972,51608600,159.659657666667
"2018-02-08",160.289993,161,155.029999,155.149994,152.202393,54390500,156.077464
"2018-02-09",157.070007,157.889999,150.240005,156.410004,154.064056,70672600,154.064686666667
"2018-02-12",158.5,163.889999,157.509995,162.710007,160.269562,60819500,160.556518666667
"2018-02-13",161.949997,164.75,161.649994,164.339996,161.875107,32549200,162.758367
"2018-02-14",163.039993,167.539993,162.880005,167.369995,164.85965,40644900,165.093216
"2018-02-15",169.789993,173.089996,169,172.990005,170.39537,51147200,170.828455333333
"2018-02-16",172.360001,174.820007,171.770004,172.429993,169.843765,40176100,172.144592
"2018-02-20",172.050003,174.259995,171.419998,171.850006,169.272461,33930500,171.650818
"2018-02-21",172.830002,174.119995,171.009995,171.070007,168.504166,37471600,171.211385333333
"2018-02-22",171.800003,173.949997,171.710007,172.5,169.912704,30991900,171.857569333333
"2018-02-23",173.669998,175.649994,173.539993,175.5,172.867706,33812400,174.019231
"2018-02-26",176.350006,179.389999,176.210007,178.970001,176.285675,38162200,177.295227
"2018-02-27",179.100006,180.479996,178.160004,178.389999,175.714386,38928100,178.118128666667
"2018-02-28",179.259995,180.619995,178.050003,178.119995,175.44841,37782100,178.039469333333
"2018-03-01",178.539993,179.779999,172.660004,175,172.375214,48802000,174.938405666667
"2018-03-02",172.800003,176.300003,172.449997,176.210007,173.567078,38454000,174.105692666667
"2018-03-05",175.210007,177.740005,174.520004,176.820007,174.167923,28401400,175.475977333333
"2018-03-06",177.910004,178.25,176.130005,176.669998,174.020172,23788500,176.133392333333
"2018-03-07",174.940002,175.850006,174.270004,175.029999,172.40477,31703500,174.174926666667
"2018-03-08",175.479996,177.119995,175.070007,176.940002,174.286118,23774100,175.49204
"2018-03-09",177.960007,180,177.389999,179.979996,177.280518,32185200,178.223505666667
"2018-03-12",180.289993,182.389999,180.210007,181.720001,178.994415,32207100,180.531473666667
"2018-03-13",182.589996,183.5,179.240005,179.970001,177.27066,31693500,180.003555
"2018-03-14",180.320007,180.520004,177.809998,178.440002,175.763611,29368400,178.031204333333
"2018-03-15",178.5,180.240005,178.070007,178.649994,175.970459,22743800,178.093490333333
"2018-03-16",178.649994,179.119995,177.619995,178.020004,175.349915,39404700,177.363301666667
"2018-03-19",177.320007,177.470001,173.660004,175.300003,172.670731,33446800,174.600245333333
"2018-03-20",175.240005,176.800003,174.940002,175.240005,172.611618,19649400,174.783874333333
"2018-03-21",175.039993,175.089996,171.259995,171.270004,168.701157,36338100,171.683716
"2018-03-22",170,172.679993,168.600006,168.850006,166.317459,41490800,169.199152666667
"2018-03-23",168.389999,169.919998,164.940002,164.940002,162.466095,41028800,165.775365
"2018-03-26",168.070007,173.100006,166.440002,172.770004,170.17868,37541200,169.906229333333
"2018-03-27",173.679993,175.149994,166.919998,168.339996,165.815109,40922600,169.295033666667
"2018-03-28",167.25,170.020004,165.190002,166.479996,163.983002,41668500,166.397669333333
"2018-03-29",167.809998,171.75,166.899994,167.779999,165.263504,38398500,167.971166
"2018-04-02",166.639999,168.940002,164.470001,166.679993,164.180008,37586800,165.863337
"2018-04-03",167.639999,168.75,164.880005,168.389999,165.864349,30278000,166.498118
"2018-04-04",164.880005,172.009995,164.770004,171.610001,169.036072,34605500,168.605357
"2018-04-05",172.580002,174.229996,172.080002,172.800003,170.208206,26933200,172.172734666667
"2018-04-06",170.970001,172.479996,168.199997,168.380005,165.854523,35005300,168.844838666667
"2018-04-09",169.880005,173.089996,169.850006,170.050003,167.499466,29017700,170.146489333333
"2018-04-10",173,174,171.529999,173.25,170.651459,28408600,172.060486
"2018-04-11",172.229996,173.919998,171.699997,172.440002,169.853622,22431600,171.824539
"2018-04-12",173.410004,175,173.039993,174.139999,171.528107,22889300,173.189366666667
"2018-04-13",174.779999,175.839996,173.850006,174.729996,172.109268,25124300,173.93309
"2018-04-16",175.029999,176.190002,174.830002,175.820007,173.182922,21578400,174.734308666667
"2018-04-17",176.490005,178.940002,176.410004,178.240005,175.56662,26509000,176.972208666667
"2018-04-18",177.809998,178.820007,176.880005,177.839996,175.172607,20754500,176.957539666667
"2018-04-19",173.759995,175.389999,172.660004,172.800003,170.208206,34808800,172.752736333333
"2018-04-20",170.600006,171.220001,165.429993,165.720001,163.23439,65491100,166.628128
"2018-04-23",166.830002,166.919998,164.089996,165.240005,162.761597,36515500,164.590530333333
"2018-04-24",165.669998,166.330002,161.220001,162.940002,160.496109,33692000,162.682037333333
"2018-04-25",162.619995,165.419998,162.410004,163.649994,161.19545,28382100,163.008484
"2018-04-26",164.119995,165.729996,163.369995,164.220001,161.756912,27963000,163.618967666667
"2018-04-27",164,164.330002,160.630005,162.320007,159.885406,35655800,161.615137666667
"2018-04-30",162.130005,167.259995,161.839996,165.259995,162.781296,42427400,163.960429
"2018-05-01",166.410004,169.199997,165.270004,169.100006,166.563705,53569400,167.011235333333
"2018-05-02",175.229996,177.75,173.800003,176.570007,173.921677,66539400,175.157226666667
"2018-05-03",175.880005,177.5,174.440002,176.889999,174.236862,34068200,175.392288
"2018-05-04",178.25,184.25,178.169998,183.830002,181.072769,56201300,181.164255666667
"2018-05-07",185.179993,187.669998,184.75,185.160004,182.382813,42451400,184.934270333333
"2018-05-08",184.990005,186.220001,183.669998,186.050003,183.259476,28402800,184.383158333333
"2018-05-09",186.550003,187.399994,185.220001,187.360001,184.549835,23211200,185.723276666667
"2018-05-10",187.740005,190.369995,187.649994,190.039993,187.189621,27989300,188.403203333333
"2018-05-11",189.490005,190.059998,187.449997,188.589996,186.477692,26212200,187.995895666667
"2018-05-14",189.009995,189.529999,187.860001,188.149994,186.042618,20778800,187.810872666667
"2018-05-15",186.779999,187.070007,185.100006,186.440002,184.351776,23695200,185.507263
"2018-05-16",186.070007,188.460007,186,188.179993,186.072266,19183100,186.844091
"2018-05-17",188,188.910004,186.360001,186.990005,184.895615,17294000,186.721873333333
"2018-05-18",187.190002,187.809998,186.130005,186.309998,184.223236,18297700,186.054413
"2018-05-21",188,189.270004,186.910004,187.630005,185.528442,18400800,187.23615
"2018-05-22",188.380005,188.880005,186.779999,187.160004,185.063721,15240700,186.907908333333
"2018-05-23",186.350006,188.5,185.759995,188.360001,186.250259,20058400,186.836751333333
"2018-05-24",188.770004,188.839996,186.210007,188.149994,186.042618,23234000,187.030873666667
"2018-05-25",188.229996,189.649994,187.649994,188.580002,186.467804,17461000,187.922597333333
"2018-05-29",187.600006,188.75,186.869995,187.899994,185.795425,22514100,187.138473333333
"2018-05-30",187.720001,188,186.779999,187.5,185.399887,18690500,186.726628666667
"2018-05-31",187.220001,188.229996,186.139999,186.869995,184.776947,27482800,186.382314
"2018-06-01",187.990005,190.259995,187.75,190.240005,188.109222,23442500,188.706405666667
"2018-06-04",191.639999,193.419998,191.350006,191.830002,189.681396,26266200,191.4838
"2018-06-05",193.070007,193.940002,192.360001,193.309998,191.144821,21566000,192.481608
"2018-06-06",193.630005,194.080002,191.919998,193.979996,191.807312,20933600,192.602437333333
"2018-06-07",194.139999,194.199997,192.339996,193.460007,191.293152,21347200,192.611048333333
"2018-06-08",191.169998,192,189.770004,191.699997,189.552856,26656800,190.440953333333
"2018-06-11",191.350006,191.970001,190.210007,191.229996,189.088135,18308500,190.422714333333
"2018-06-12",191.389999,192.610001,191.149994,192.279999,190.126358,16911100,191.295451
"2018-06-13",192.419998,192.880005,190.440002,190.699997,188.564056,21638400,190.628021
"2018-06-14",191.550003,191.570007,190.220001,190.800003,188.662933,21610100,190.150980333333
"2018-06-15",190.029999,190.160004,188.259995,188.839996,186.724884,61719200,188.381627666667
"2018-06-18",187.880005,189.220001,187.199997,188.740005,186.626022,18484900,187.682006666667
"2018-06-19",185.139999,186.330002,183.449997,185.690002,183.610168,33578500,184.463389
"2018-06-20",186.350006,187.199997,185.729996,186.5,184.411102,20628700,185.780365
"2018-06-21",187.25,188.350006,184.940002,185.460007,183.382751,25711900,185.557586333333
"2018-06-22",186.119995,186.149994,184.699997,184.919998,182.848785,27200400,184.566258666667
"2018-06-25",183.399994,184.919998,180.729996,182.169998,180.129608,31663100,181.926534
"2018-06-26",182.990005,186.529999,182.539993,184.429993,182.364288,24569200,183.811426666667
"2018-06-27",185.229996,187.279999,184.029999,184.160004,182.097321,25285300,184.469106333333
"2018-06-28",184.100006,186.210007,183.800003,185.5,183.422302,17365200,184.477437333333
"2018-06-29",186.289993,187.190002,182.910004,185.110001,183.036682,22737700,184.378896
"2018-07-02",183.820007,187.300003,183.419998,187.179993,185.083466,17731300,185.267822333333
"2018-07-03",187.789993,187.949997,183.539993,183.919998,181.859985,13954800,184.449991666667
"2018-07-05",185.259995,186.410004,184.279999,185.399994,183.32341,16604200,184.671137666667
"2018-07-06",185.419998,188.429993,185.199997,187.970001,185.864655,17485200,186.498215
"2018-07-09",189.5,190.679993,189.300003,190.580002,188.445404,19756600,189.475133333333
"2018-07-10",190.710007,191.279999,190.179993,190.350006,188.217972,15939100,189.892654666667
"2018-07-11",188.5,189.779999,187.610001,187.880005,185.77565,18831500,187.721883333333
"2018-07-12",189.529999,191.410004,189.309998,191.029999,188.890366,18041100,189.870122666667
"2018-07-13",191.080002,191.839996,190.899994,191.330002,189.187012,12513900,190.642334
"2018-07-16",191.520004,192.649994,190.419998,190.910004,188.771713,15043100,190.613901666667
"2018-07-17",189.75,191.869995,189.199997,191.449997,189.305664,15534500,190.125218666667
"2018-07-18",191.779999,191.800003,189.929993,190.399994,188.26741,16393400,189.999135333333
"2018-07-19",189.690002,192.550003,189.690002,191.880005,189.73085,20286800,190.656951666667
"2018-07-20",191.779999,192.429993,190.169998,191.440002,189.295776,20676200,190.631922333333
"2018-07-23",190.679993,191.960007,189.559998,191.610001,189.463867,15989400,190.327957333333
"2018-07-24",192.449997,193.660004,192.050003,193,190.838303,18697900,192.18277
"2018-07-25",193.059998,194.850006,192.429993,194.820007,192.637924,16709900,193.305974333333
"2018-07-26",194.610001,195.960007,193.610001,194.210007,192.03476,19076000,193.868256
"2018-07-27",194.990005,195.190002,190.100006,190.979996,188.840912,24024000,191.376973333333
"2018-07-30",191.899994,192.199997,189.070007,189.910004,187.782913,21029500,189.684305666667
"2018-07-31",190.300003,192.139999,189.339996,190.289993,188.158646,39373000,189.879547
"2018-08-01",199.130005,201.759995,197.309998,201.5,199.243088,67935700,199.437693666667
"2018-08-02",200.580002,208.380005,200.350006,207.389999,205.067123,62404000,204.599044666667
"2018-08-03",207.029999,208.740005,205.479996,207.990005,205.660416,33447400,206.626805666667
"2018-08-06",208,209.25,207.070007,209.070007,206.728317,25425400,207.682774666667
"2018-08-07",209.320007,209.5,206.759995,207.110001,204.790268,25587400,207.016754333333
"2018-08-08",206.050003,207.809998,204.520004,207.25,204.928696,22525500,205.752899333333
"2018-08-09",207.279999,209.779999,207.199997,208.880005,206.540436,23469200,207.840144
"2018-08-10",207.360001,209.100006,206.669998,207.529999,205.925232,24611200,207.231745333333
"2018-08-13",207.699997,210.949997,207.699997,208.869995,207.254883,25869100,208.634959
"2018-08-14",210.160004,210.559998,208.259995,209.75,208.128067,20748000,208.982686666667
"2018-08-15",209.220001,210.740005,208.330002,210.240005,208.614273,28807600,209.228093333333
"2018-08-16",211.75,213.809998,211.470001,213.320007,211.670471,28500400,212.316823333333
"2018-08-17",213.440002,217.949997,213.160004,217.580002,215.897522,35427000,215.669174333333
"2018-08-20",218.100006,219.179993,215.110001,215.460007,213.79393,30287700,216.027974666667
"2018-08-21",216.800003,217.190002,214.029999,215.039993,213.377167,26159800,214.865722666667
"2018-08-22",214.100006,216.360001,213.839996,215.050003,213.387085,19018100,214.529027333333
"2018-08-23",214.649994,217.050003,214.600006,215.490005,213.823685,18883200,215.157898
"2018-08-24",216.600006,216.899994,215.110001,216.160004,214.488495,18476400,215.499496666667
"2018-08-27",217.149994,218.740005,216.330002,217.940002,216.254745,20525100,217.108250666667
"2018-08-28",219.009995,220.539993,218.919998,219.699997,218.001129,22776800,219.153706666667
"2018-08-29",220.149994,223.490005,219.410004,222.979996,221.255753,27254800,221.385254
"2018-08-30",223.25,228.259995,222.399994,225.029999,223.289917,48793800,224.649968666667
"2018-08-31",226.509995,228.869995,226,227.630005,225.869812,43340100,226.913269
"2018-09-04",228.410004,229.179993,226.630005,228.360001,226.594162,27390100,227.468053333333
"2018-09-05",228.990005,229.669998,225.100006,226.869995,225.115677,33333000,226.628560333333
"2018-09-06",226.229996,227.350006,221.300003,223.100006,221.374847,34290000,223.341618666667
"2018-09-07",221.850006,225.369995,220.710007,221.300003,219.58876,37619800,221.889587333333
"2018-09-10",220.949997,221.850006,216.470001,218.330002,216.641724,39516500,218.320577
"2018-09-11",218.009995,224.300003,216.559998,223.850006,222.119049,35749000,220.993016666667
"2018-09-12",224.940002,225,219.839996,221.070007,219.36055,49278700,221.400182
"2018-09-13",223.520004,228.350006,222.570007,226.410004,224.659256,41706400,225.193089666667
"2018-09-14",225.75,226.839996,222.520004,223.839996,222.1091,31999300,223.823033333333
"2018-09-17",222.149994,222.949997,217.270004,217.880005,216.195206,37195100,218.805069
"2018-09-18",217.789993,221.850006,217.119995,218.240005,216.552414,31571700,218.507471666667
"2018-09-19",218.5,219.619995,215.300003,218.369995,216.681412,27123800,217.20047
"2018-09-20",220.240005,222.279999,219.149994,220.029999,218.328583,26608800,219.919525333333
"2018-09-21",220.779999,221.360001,217.289993,217.660004,215.976913,96246700,218.208969
"2018-09-24",216.820007,221.259995,216.630005,220.789993,219.082687,27693400,218.990895666667
"2018-09-25",219.75,222.820007,219.699997,222.190002,220.471878,24554400,220.997294
"2018-09-26",221,223.75,219.759995,220.419998,218.715561,23984700,220.741852
"2018-09-27",223.820007,226.440002,223.539993,224.949997,223.210526,30181200,224.396840333333
"2018-09-28",224.789993,225.839996,224.020004,225.740005,223.994431,22929400,224.618143666667
"2018-10-01",227.949997,229.419998,226.350006,227.259995,225.50267,23600800,227.090891333333
"2018-10-02",227.25,230,226.630005,229.279999,227.50705,24788200,228.045685
"2018-10-03",230.050003,233.470001,229.779999,232.070007,230.275482,28654800,231.175160666667
"2018-10-04",230.779999,232.350006,226.729996,227.990005,226.227036,32042000,228.435679333333
"2018-10-05",227.960007,228.410004,220.580002,224.289993,222.555634,33580500,223.848546666667
"2018-10-08",222.210007,224.800003,220.199997,223.770004,222.039658,29663900,222.346552666667
"2018-10-09",223.639999,227.270004,222.25,226.869995,225.115677,26891000,224.878560333333
"2018-10-10",225.460007,226.350006,216.050003,216.360001,214.686966,41990600,219.028991666667
"2018-10-11",214.520004,219.5,212.320007,214.449997,212.791718,53124400,214.870575
"2018-10-12",220.419998,222.880005,216.839996,222.110001,220.392502,40337900,220.037501
"2018-10-15",221.160004,221.830002,217.270004,217.360001,215.67923,30791000,218.259745333333
"2018-10-16",218.929993,222.990005,216.759995,222.149994,220.432175,29184000,220.060725
"2018-10-17",222.300003,222.639999,219.339996,221.190002,219.479614,22885400,220.486536333333
"2018-10-18",217.860001,219.740005,213,216.020004,214.349579,32581300,215.696528
"2018-10-19",218.059998,221.259995,217.429993,219.309998,217.614151,33078700,218.768046333333
"2018-10-22",219.789993,223.360001,218.940002,220.649994,218.943771,28792100,220.414591333333
"2018-10-23",215.830002,223.25,214.699997,222.729996,221.00769,38767800,219.652562333333
"2018-10-24",222.600006,224.229996,214.539993,215.089996,213.426773,40925500,217.398920666667
"2018-10-25",217.710007,221.380005,216.75,219.800003,218.100357,29855800,218.743454
"2018-10-26",215.899994,220.190002,212.669998,216.300003,214.627411,47258400,215.829137
"2018-10-29",219.190002,219.690002,206.089996,212.240005,210.598831,45935500,212.126276333333
"2018-10-30",211.149994,215.179993,209.270004,213.300003,211.65062,36660000,212.033539
"2018-10-31",216.880005,220.449997,216.619995,218.860001,217.167618,38358900,218.079203333333
"2018-11-01",219.050003,222.360001,216.809998,222.220001,220.501633,58323200,219.890544
"2018-11-02",209.550003,213.649994,205.429993,207.479996,205.87561,91328700,208.318532333333
"2018-11-05",204.300003,204.389999,198.169998,201.589996,200.031158,66163700,200.863718333333
"2018-11-06",201.919998,204.720001,201.690002,203.770004,202.194321,31882900,202.868108
"2018-11-07",205.970001,210.059998,204.130005,209.949997,208.326508,33424400,207.505503666667
"2018-11-08",209.979996,210.119995,206.75,208.490005,207.599655,25362600,208.15655
"2018-11-09",205.550003,206.009995,202.25,204.470001,203.596817,34365800,203.952270666667
"2018-11-12",199,199.850006,193.789993,194.169998,193.34079,51135500,195.660263
"2018-11-13",191.630005,197.179993,191.449997,192.229996,191.409073,46882900,193.346354333333
"2018-11-14",193.899994,194.479996,185.929993,186.800003,186.002274,60801000,188.804087666667
"2018-11-15",188.389999,191.970001,186.899994,191.410004,190.59259,46478800,189.820861666667
"2018-11-16",190.5,194.970001,189.460007,193.529999,192.703537,36928300,192.377848333333
"2018-11-19",190,190.699997,184.990005,185.860001,185.066284,41925300,186.918762
"2018-11-20",178.369995,181.470001,175.509995,176.979996,176.224197,67825200,177.734731
"2018-11-21",179.729996,180.270004,176.550003,176.779999,176.025055,31124200,177.615020666667
"2018-11-23",174.940002,176.600006,172.100006,172.289993,171.55423,23624000,173.418080666667
"2018-11-26",174.240005,174.949997,170.259995,174.619995,173.874283,44998500,173.028091666667
"2018-11-27",171.509995,174.770004,170.880005,174.240005,173.495911,41387400,173.04864
"2018-11-28",176.729996,181.289993,174.929993,180.940002,180.167297,46062500,178.795761
"2018-11-29",182.660004,182.800003,177.699997,179.550003,178.783234,41770000,179.761078
"2018-11-30",180.289993,180.330002,177.029999,178.580002,177.817383,39531500,178.392461333333
"2018-12-03",184.460007,184.940002,181.210007,184.820007,184.030731,40802500,183.39358
"2018-12-04",180.949997,182.389999,176.270004,176.690002,175.935455,41344300,178.198486
"2018-12-06",171.759995,174.779999,170.419998,174.720001,173.973862,43098400,173.057953
"2018-12-07",173.490005,174.490005,168.300003,168.490005,167.770477,42281600,170.186828333333
"2018-12-10",165,170.089996,163.330002,169.600006,168.875732,62026000,167.43191
"2018-12-11",171.660004,171.789993,167,168.630005,167.909866,47281700,168.899953
"2018-12-12",170.399994,171.919998,169.020004,169.100006,168.377869,35627700,169.772623666667
"2018-12-13",170.490005,172.570007,169.550003,170.949997,170.219955,31898600,170.779988333333
"2018-12-14",169,169.080002,165.279999,165.479996,164.773315,40703700,166.377772
"2018-12-17",165.449997,168.350006,162.729996,163.940002,163.239899,44287900,164.773300333333
"2018-12-18",165.380005,167.529999,164.389999,166.070007,165.360809,33841500,165.760269
"2018-12-19",166,167.449997,159.089996,160.889999,160.202927,49047300,162.24764
"2018-12-20",160.399994,162.110001,155.300003,156.830002,156.160263,64773000,157.856755666667
"2018-12-21",156.860001,158.160004,149.630005,150.729996,150.086304,95744600,152.625437666667
"2018-12-24",148.149994,151.550003,146.589996,146.830002,146.202972,37169200,148.114323666667
"2018-12-26",148.300003,157.229996,146.720001,157.169998,156.49881,58582500,153.482935666667
"2018-12-27",155.839996,156.770004,150.070007,156.149994,155.483154,53117100,154.107721666667
"2018-12-28",157.5,158.520004,154.550003,156.229996,155.56282,42291400,156.210942333333
"2018-12-31",158.529999,159.360001,156.479996,157.740005,157.066376,35003500,157.635457666667
